<?xml version="1.0" ?>
<tvb_data Data_version="2">
	<status>4-FINISHED</status>
	<range_values>None</range_values>
	<create_date>2014-09-29,14-18-01.000000</create_date>
	<parameters>{&quot;Data_Subject&quot;: &quot;John Doe&quot;, &quot;mapping_file&quot;: &quot;/Users/lia.domide/TVB/PROJECTS/Default_Project/TEMP/.tmp2014-09-29,14-49-03.739822_mapping_file_original_region_mapping.zip&quot;, &quot;surface&quot;: &quot;3d4a1514-47ca-11e4-99ec-3c075431bf56&quot;, &quot;connectivity&quot;: &quot;3d2a4561-47ca-11e4-884e-3c075431bf56&quot;}</parameters>
	<fk_launched_in>3ccbe88a-47ca-11e4-809c-3c075431bf56</fk_launched_in>
	<fk_from_algo>{&quot;classname&quot;: &quot;RegionMapping_Importer&quot;, &quot;identifier&quot;: null, &quot;init_parameter&quot;: null, &quot;module&quot;: &quot;tvb.adapters.uploaders.region_mapping_importer&quot;}</fk_from_algo>
	<additional_info></additional_info>
	<method_name>launch</method_name>
	<visible>False</visible>
	<completion_date>2014-09-29,14-18-03.000000</completion_date>
	<meta_data>{&quot;Data_State&quot;: &quot;RAW_DATA&quot;}</meta_data>
	<user_group>srf_conn</user_group>
	<result_disk_size>76</result_disk_size>
	<gid>9c349a0c-47ce-11e4-aa8d-3c075431bf56</gid>
	<start_date>2014-09-29,14-18-01.008406</start_date>
</tvb_data>
