<?xml version="1.0" ?>
<tvb_data Data_version="2">
	<status>4-FINISHED</status>
	<range_values>None</range_values>
	<create_date>2014-09-29,14-17-46.000000</create_date>
	<parameters>{&quot;uploaded&quot;: &quot;/WORK/TVB/tvb-root/tvb_data/tvb_data/surfaceData/eeg_skin_surface.zip&quot;, &quot;surface_type&quot;: &quot;EEG Cap&quot;, &quot;zero_based_triangles&quot;: &quot;1&quot;, &quot;Data_Subject&quot;: &quot;John Doe&quot;}</parameters>
	<fk_launched_in>3ccbe88a-47ca-11e4-809c-3c075431bf56</fk_launched_in>
	<fk_from_algo>{&quot;classname&quot;: &quot;ZIPSurfaceImporter&quot;, &quot;identifier&quot;: null, &quot;init_parameter&quot;: null, &quot;module&quot;: &quot;tvb.adapters.uploaders.zip_surface_importer&quot;}</fk_from_algo>
	<additional_info></additional_info>
	<method_name>launch</method_name>
	<visible>True</visible>
	<completion_date>2014-09-29,14-18-27.000000</completion_date>
	<meta_data>{&quot;Data_State&quot;: &quot;RAW_DATA&quot;}</meta_data>
	<user_group>surfaces_import</user_group>
	<result_disk_size>3700</result_disk_size>
	<gid>4181e06e-47ca-11e4-ba30-3c075431bf56</gid>
	<start_date>2014-09-29,14-17-46.636009</start_date>
</tvb_data>
