<?xml version="1.0" ?>
<tvb_data Data_version="2">
	<status>4-FINISHED</status>
	<range_values>None</range_values>
	<create_date>2014-09-29,14-19-02.000000</create_date>
	<parameters>{&quot;connectivity&quot;: &quot;3d2a4561-47ca-11e4-884e-3c075431bf56&quot;, &quot;sensors&quot;: &quot;3edd7df8-47ca-11e4-aa4d-3c075431bf56&quot;, &quot;Data_Subject&quot;: &quot;John Doe&quot;, &quot;dataset_name&quot;: &quot;ProjectionMatrix&quot;, &quot;projection_file&quot;: &quot;/WORK/TVB/tvb-root/tvb_data/tvb_data/projectionMatrix/region_conn_74_eeg_1020_62.mat&quot;}</parameters>
	<fk_launched_in>3ccbe88a-47ca-11e4-809c-3c075431bf56</fk_launched_in>
	<fk_from_algo>{&quot;classname&quot;: &quot;ProjectionMatrixRegionEEGImporter&quot;, &quot;identifier&quot;: null, &quot;init_parameter&quot;: null, &quot;module&quot;: &quot;tvb.adapters.uploaders.projection_matrix_importer&quot;}</fk_from_algo>
	<additional_info></additional_info>
	<method_name>launch</method_name>
	<visible>False</visible>
	<completion_date>2014-09-29,14-19-03.000000</completion_date>
	<meta_data>{&quot;Data_State&quot;: &quot;RAW_DATA&quot;}</meta_data>
	<user_group>conn_eeg</user_group>
	<result_disk_size>47</result_disk_size>
	<gid>467acb9e-47ca-11e4-87fe-3c075431bf56</gid>
	<start_date>2014-09-29,14-19-02.141629</start_date>
</tvb_data>
